label_s,idHal_s,idHal_i,idrefId_s
Bruno Chareyre,bruno-chareyre,171808,https://www.idref.fr/076577635
J.P. Borra,289945,740082,https://www.idref.fr/060760168
G. Body,geraldine-body,13686,https://www.idref.fr/261003062
Joël Oudinet,joel-oudinet,737303,https://www.idref.fr/076412180
Véronique V. Jorge,veronique-jorge,736556,https://www.idref.fr/088765571
Arnaud A. Dowkiw,arnaud-dowkiw,745195,https://www.idref.fr/074200062
Lorène L. Prost,lorene-prost,736145,https://www.idref.fr/132233193
David D. Makowski,david-makowski,743045,https://www.idref.fr/155741101
Jocelyne J. Porcher,jocelyne-porcher,736951,https://www.idref.fr/06938200X
Philippe P. Lucas,philippe-lucas,741083,https://www.idref.fr/170280306
Charles C. Malbert,charles-henri-malbert,744790,https://www.idref.fr/032897847
Christian C. Bockstaller,christian-bockstaller,734945,https://www.idref.fr/094830606
Catherine C. Benjamin,catherine-benjamin,181895,https://www.idref.fr/034828443
Pascale P. Le Roy,psleroy,743069,https://www.idref.fr/057667950
Helene H. Fulcrand-Hoh,helene-fulcrand,736209,https://www.idref.fr/148342515
Sébastien Kramm,sebastien-kramm,173429,https://www.idref.fr/083568964
Céline Pascual-Espuny,celine-pascual-espuny,743677,https://www.idref.fr/121598772
Helene H. Chiapello,helene-chiapello,172673,https://www.idref.fr/225345390
Rejane R. Streiff,rejane-streiff,743139,https://www.idref.fr/204242894
Antoine A. Kremer,antoine-kremer,747402,https://www.idref.fr/071401008
Sylvie S. Oddou-Muratorio,sylvie-oddou-muratorio,746420,https://www.idref.fr/170162753
Etienne E. Klein,etienne-klein,184469,https://www.idref.fr/143486306
J.-F. Durand,christian-soize,4240,https://www.idref.fr/027142590
Marton Karsai,marton-karsai,2001,https://www.idref.fr/138471541
Caroline Champagne,caroline-champagne-de-labriolle,172407,https://www.idref.fr/224303171
T. Paquet,thierry-paquet,16353,https://www.idref.fr/068943229
L. Heutte,laurent-heutte,171701,https://www.idref.fr/143005863
Fabien P Blanchet,fblanchet,740295,https://www.idref.fr/199265410
. .,eliane-daphy,236,https://www.idref.fr/050679678
A. Ansan,veronique-ansan,177772,https://www.idref.fr/14300395X
Mylene Hardy,mylene-hardy,1065873,https://www.idref.fr/167718886
Stephane Marchal,stephane-marchal,18746,https://www.idref.fr/060835451
Jean Géringer,jean-geringer,745299,https://www.idref.fr/110519833
J.S. Sousa,joao-santos-sousa,180824,https://www.idref.fr/158600312
Cathy Liousse,catherine-liousse,741078,https://www.idref.fr/098186647
Stéphane Trébaol,strebaol,3212,https://www.idref.fr/149251122
Catherine C. Beaumont,catherine-beaumont,737305,https://www.idref.fr/110746481
Patrick P. Veysset,patrick-veysset,742559,https://www.idref.fr/244155852
Douadia D. Bougherara,douadia-bougherara,737033,https://www.idref.fr/077288068
Sandrine S. Costa,sandrine-costa,736074,https://www.idref.fr/057679789
Gilles G. Grolleau,gilles-grolleau,173592,https://www.idref.fr/069697175
Lisette L. Ibanez,lisette-ibanez,736477,https://www.idref.fr/083537872
Nicole N. Darmon,nicole-darmon,735854,https://www.idref.fr/126908583
Mathilde M. Causse,mathilde-causse,737384,https://www.idref.fr/078246423
Faucou Sébastien,sebastien-faucou,17420,https://www.idref.fr/077263847
Goupil Pascale,pascale-goupil,740618,https://www.idref.fr/189376139
Deboudt Philippe,philippe-deboudt,2180,https://www.idref.fr/086120484
A. Spiga,aymeric-spiga,20900,https://www.idref.fr/133298116
Pascale Paule Quilichini,pascale-quilichini,183846,https://www.idref.fr/088102300
Marie-Laure Plissonnier,marie-laure-plissonnier,762698,https://www.idref.fr/150881029
Erwann Bocquillon,erwann-bocquillon,741249,https://www.idref.fr/170010538
Ghislain Géniaux,ghislain-geniaux,737322,https://www.idref.fr/186345461
Claude Napoléone,claude-napoleone,738652,https://www.idref.fr/151762279
Agnes Begue,louise-leroux,9308,"https://www.idref.fr/166884553,https://www.idref.fr/146383745"
T. Conroy,thierry-conroy,736936,https://www.idref.fr/069112150
Marie Laure Plissonnier,marie-laure-plissonnier,762698,https://www.idref.fr/150881029
A. Whitbeck,gines-martinez,169952,https://www.idref.fr/068952961
. C. Joubert Éditeur,eliane-daphy,236,https://www.idref.fr/050679678
Michel S. Zygmunt,michel-zygmunt,745470,https://www.idref.fr/128650621
Bernard Flechet,bernard-flechet,172505,https://www.idref.fr/102939373
O. Dejardin,olivier-dejardin,20437,https://www.idref.fr/138784337
Nathalie Guerineau,nathalie-c-guerineau,172564,https://www.idref.fr/06998798X
Élodie Bouygues,elodie-bouygues,1125634,https://www.idref.fr/077170547
Audrey Coutens,audrey-coutens,739468,https://www.idref.fr/167181491
D. Lacroix,david-lacroix,12915,https://www.idref.fr/097395447
D. Lacroix,denis-lacroix,738488,https://www.idref.fr/130690481
Kati Lassila-Perini,nicolas-chanon,742432,https://www.idref.fr/235525227
R. Granier de Cassagnac,raphgrandecass,739189,https://www.idref.fr/132136651
Patrick A Curmi,patrick-curmi,177746,https://www.idref.fr/081161328
G. Piques,gael-piques,745640,https://www.idref.fr/088532852
J. van Der Woerd,jerome-van-der-woerd,182628,https://www.idref.fr/114439877
A. Juhin,amelie-juhin,739233,https://www.idref.fr/133641864
Bruno Torresani,bruno-torresani,5642,https://www.idref.fr/031794394
. Lucien Édition,eliane-daphy,236,https://www.idref.fr/050679678
Francois Menard,francois-menard,184556,https://www.idref.fr/035533919
Jean Luc Beuzit,jean-luc-beuzit,742602,https://www.idref.fr/143853015
. F. Bigot Éditeur,eliane-daphy,236,https://www.idref.fr/050679678
J. Plailly,jane-plailly,1192755,https://www.idref.fr/110067266
P. Picart,pascal-picart,180353,https://www.idref.fr/113450109
N. Burokur,burokur,11297,https://www.idref.fr/098310518
S.N. Burokur,burokur,11297,https://www.idref.fr/098310518
Françoise F. Massines,francoise-massines,180008,https://www.idref.fr/032941862
Denise Ravachol Orange,denise-orange-ravachol,16644,https://www.idref.fr/075679248
Alexandre Laisné,alexandre-laisne,180483,https://www.idref.fr/100478387
Y. Bedjanian,bedjanian,184545,https://www.idref.fr/130567426
Luis M Mir,lluis-m-mir,741790,https://www.idref.fr/069995877
Ludovic Brèthes,ludovic-brethes,740037,https://www.idref.fr/117015431
J. Riedi.,jerome-riedi,174518,https://www.idref.fr/059848235
N. Fernandez,nicolas-fernandez-nunez,12243,https://www.idref.fr/191335517
. L. Bathlot Éditeur,eliane-daphy,236,https://www.idref.fr/050679678
. Répertoire Paulus,eliane-daphy,236,https://www.idref.fr/050679678
. Delormel & Cie Éditeurs,eliane-daphy,236,https://www.idref.fr/050679678
M. Thyssen,melilotus-thyssen,19953,https://www.idref.fr/127365613
P. Claquin,pascal-claquin,181237,https://www.idref.fr/080269907
M. Grandgeorge,marine-grandgeorge,8304,https://www.idref.fr/157921751
O. Maciejak,olek-maciejak,173812,https://www.idref.fr/253125340
B. Schoefs,benoit-schoefs,181934,https://www.idref.fr/122198247
J.-L. Mouget,jean-luc-mouget,15427,https://www.idref.fr/160475570
M. Sedrati,mouncef-sedrati,179756,https://www.idref.fr/115669604
C. Piscart,christophe-piscart,177623,https://www.idref.fr/095783016
Thomas Cerqueus,thomas-cerqueus,4386,https://www.idref.fr/169902013
Amel Ben Rhouma,amel-ben-rhouma,1260023,https://www.idref.fr/121820866
Amir Pasha Mirbaha,amir-pasha-mirbaha,1655,https://www.idref.fr/170656608
F. Dolique,franck-dolique,183932,https://www.idref.fr/09043174X
J. B de Vivie,jean-baptiste-de-vivie,741567,https://www.idref.fr/186392702
J.L. Mouget,jean-luc-mouget,15427,https://www.idref.fr/160475570
A. Rovelet-Lecrux,anne-rovelet-lecrux,178525,https://www.idref.fr/127676732
Lars Stemmann,lars-stemmann,762924,https://www.idref.fr/157238024
Pierre Béjot,pierrebejot,739035,https://www.idref.fr/228389054
Frederic Rieux-Laucat,frederic-rieux-laucat,1062914,https://www.idref.fr/086828509
Emeric Henry,emeric-henry,1114203,https://www.idref.fr/224319914
P. Gaborit,paul-gaborit,19889,https://www.idref.fr/196930839
G. Lipeme Kouyi,gislainlipeme-kouyi,19162,https://www.idref.fr/096266821
Benoit Palancade,benoit-palancade,738471,https://www.idref.fr/071046380
B. Normand M.P. Gigandet C. Richard P. Steyer M. Wery,philippe-steyer,21303,https://www.idref.fr/081227272
J.M. Monnet,jean-matthieumonnet,4558,https://www.idref.fr/156959569
C. Yang J. Buldyreva I.E. Gordon F. Rohart A. Cuisset G. Mouret R. Bocquet F. Hindle,acuisset,744427,https://www.idref.fr/083810854
Christine Verna,christine-verna,741686,https://www.idref.fr/116466251
C.-S. Cojocaru,costel-sorin-cojocaru,178299,https://www.idref.fr/080831087
X. Jehl,xavier-jehl,172133,https://www.idref.fr/176333630
Montgomery P.C.,paul-c-montgomery,740454,https://www.idref.fr/071065229
S.D. Vincent,stephane-d-vincent,749094,https://www.idref.fr/188839666
L. Nouveliere,nouveliere-lydie,754001,https://www.idref.fr/071043896
A. Fremont,antoine-fremont,177453,https://www.idref.fr/050263080
Catherine Ottlé,catherine-ottle,180141,https://www.idref.fr/118112082
. Vve Charles Mayol Éditeur,eliane-daphy,236,https://www.idref.fr/050679678
Clément Rossignol,camille-rossignol,10946,https://www.idref.fr/185511414
C. Cottin-Bizonne,cecile-cottin-bizonne,184124,https://www.idref.fr/05075906X
H. Guizouarn,helene-guizouarn,740193,https://www.idref.fr/175320306
H. Tronchere,herve-tronchere,8652,https://www.idref.fr/154483877
L. Leclercq,laurent-leclercq,178184,https://www.idref.fr/119229935
C. Blanquart,christophe-blanquart,182432,https://www.idref.fr/079241417
Cécile Mangavel,cecile-mangavel,175209,https://www.idref.fr/124223648
Bao Ton-Hoang,bao-ton-hoang,1195268,https://www.idref.fr/13520884X
Matthieu Falque,matthieu-falque,746718,https://www.idref.fr/080611222
Manon Joseph,manon-bartoli,19873,https://www.idref.fr/253121752
R. Trigui,rochdi-trigui,180004,https://www.idref.fr/151608377
B. Gadegbeku,blandine-gadegbeku,178382,https://www.idref.fr/168213826
Nathalie Bouscharain,nathalie-bouscharain,174036,https://www.idref.fr/253134412
O. Montagnier,olivier-montagnier,8619,https://www.idref.fr/098844202
S. Bellizzi,sergio-bellizzi,8321,https://www.idref.fr/077713788
Behzad Shariat Torbaghan,behzad-shariat,7859,https://www.idref.fr/069011265
D. Tardivo,delphine-tardivo,20138,https://www.idref.fr/124776728
Nathalie C. Guérineau,nathalie-c-guerineau,172564,https://www.idref.fr/06998798X
Benoit Valiron,benoit-valiron,4511,https://www.idref.fr/241835704
Véronique Decot,veronique-decot,19141,https://www.idref.fr/078009774
Thomas F Baumert,thomas-f-baumert,740312,https://www.idref.fr/143387898
J.L Schanen,jean-luc-schanen,744386,https://www.idref.fr/104511060
X. Carcopino,xavier-carcopino,174053,https://www.idref.fr/071568956
Hèlène Claudot-Hawad,helene-claudot-hawad,5112,https://www.idref.fr/02679053X
Laurent Tiret,laurenttiret,742932,https://www.idref.fr/150687737
L. Matignon,laetitia-matignon,3290,https://www.idref.fr/134644239
V. Daele,veronique-daele,175159,https://www.idref.fr/183874854
Murat Saparbaev,murat-saparbaev,180253,https://www.idref.fr/191292133
Sandrine Auger,sandrine-auger,735482,https://www.idref.fr/076689271
Christine Faille,christine-faille,1162349,https://www.idref.fr/033724415
Daniel George,daniel-george,1100254,https://www.idref.fr/178888826
Annette De Vaufleury,annette-de-vaufleury,2813,https://www.idref.fr/151547610
D. Chevallier,damien-chevallier,184983,https://www.idref.fr/130293008
Chambon Sylvain,sylvain-chambon,11024,https://www.idref.fr/113700431
Christophe T. Soulard,christophe-toussaint-soulard,736038,https://www.idref.fr/157717283
M.-C. Anstett,anstett-marie-charlotte,14845,https://www.idref.fr/253126029
Bénédicte Batrancourt,benedicte-batrancourt,888472,https://www.idref.fr/09144912X
. G. Ondet Éditeur,eliane-daphy,236,https://www.idref.fr/050679678
Thomas Dugé de Bernonville,thomas-duge-de-bernonville,175806,https://www.idref.fr/145470113
Cormier Laurent,laurent-cormier,177070,https://www.idref.fr/170528456
J. Mascetti,joelle-mascetti,749959,https://www.idref.fr/226905381
Agnès Maître,agnes-maitre,735420,https://www.idref.fr/144361833
. Edouard Jouve Éditeur,eliane-daphy,236,https://www.idref.fr/050679678
S. Clavel,sandrine-clavel,1033015,https://www.idref.fr/130236322
Ariane Lancon,ariane-lancon,746427,https://www.idref.fr/03581537X
Isabelle Boehm,isabelle-boehm,12529,https://www.idref.fr/069658560
J.-P. Sizun,jp-sizun,14637,https://www.idref.fr/200258486
Elodie Laine,elodie-laine,1102065,https://www.idref.fr/143454927
Magali Morales,magali-morales,744828,https://www.idref.fr/162464037
G. Hulot.,gauthier-hulot,742343,https://www.idref.fr/057610576
Mickael Kerboeuf,mickael-kerboeuf,5626,https://www.idref.fr/069393583
L. Romagnani,lorenzo-romagnani,741268,https://www.idref.fr/253122163
Mathe P.E.,pierre-etienne-mathe,21196,https://www.idref.fr/099025744
Helene Beaunieux,helene-beaunieux,177021,https://www.idref.fr/156503980
Mathé P.-E.,pierre-etienne-mathe,21196,https://www.idref.fr/099025744
Mourad Bouneffa,mourad-bouneffa,762917,https://www.idref.fr/06386682X
Mercier de Lepinay B.,bernard-mercier-de-lepinay,179925,https://www.idref.fr/16736040X
E. Goberville,eric-goberville,176103,https://www.idref.fr/14918817X
Thomas Daniel,dominique-thomas,9557,https://www.idref.fr/098491148
L. Ismaili,lhassane-ismaili,753049,https://www.idref.fr/086821970
Jean Luc Jung,jean-luc-jung,737863,https://www.idref.fr/220475709
Michel Broquier,michel-broquier,740225,https://www.idref.fr/25313367X
Cédric Boissière,cedric-boissiere,173526,https://www.idref.fr/067332773
H. Chalal,hocinechalal,741018,https://www.idref.fr/094339252
Nathan D. Mcclenaghan,nathan-mcclenaghan,736912,https://www.idref.fr/123599407
M.P. Gigandet B. Normand P. Steyer C. Richard M. Wery,philippe-steyer,21303,https://www.idref.fr/081227272
Catherine Pugeault-Cicchelli,catherine-pugeault,11844,https://www.idref.fr/035507187
M. Chadli,mchadli,8910,https://www.idref.fr/074136720
Eduardo Perez,eduardo-perez,1114337,https://www.idref.fr/231620705
Adrian Fianu,adrian-fianu,934815,https://www.idref.fr/22983325X
Jérémie Guilhot,guilhot,2325,https://www.idref.fr/128549548
Nicolas N. Benguigui,nicolas-benguigui,171732,https://www.idref.fr/07569963X
Encarnacion Raymundo,raymundo,740367,https://www.idref.fr/203954815
F. Guérold,francois-guerold,744433,https://www.idref.fr/035581778
Isabelle Siegler,isabelle-siegler,748397,https://www.idref.fr/16638979X
Philippe Lesnik,philippe-lesnik,772768,https://www.idref.fr/131219391
F. Bénédic,fabien-benedic,748349,https://www.idref.fr/146734262
Loisel,gaelleloisel,7935,https://www.idref.fr/164670467
Agnès Linglart,stephanie-maupetit-mehouas,743225,https://www.idref.fr/159754070
Antoine H P Morice,antoinehpmorice,10230,https://www.idref.fr/120915502
Mouloud Haddak,mohamed-mouloud-haddak,178413,https://www.idref.fr/253131243
Clémence Perrin,clemence-perrin-malterre,8431,https://www.idref.fr/076097242
Pablo de Oliveira Castro Herrero,pablooliveira,11170,https://www.idref.fr/150785445
B. Gohier,benedicte-gohier,753254,https://www.idref.fr/076294870
Valerian Chambon,valerian-chambon,1124370,https://www.idref.fr/150103840
Simón Tamayo,simontamayo-giraldo,14242,https://www.idref.fr/185879780
Francois Colas,jean-francois-colas,742285,https://www.idref.fr/05759872X
Francois Colas,francois-colas,735025,https://www.idref.fr/080300057
Leonardo Pantoni,rodolphe-thiebaut,175125,https://www.idref.fr/071580735
L. Stainier,laurent-fm-stainier,1769,https://www.idref.fr/168726858
M. Vinches,marc-vinches,19621,https://www.idref.fr/034243550
Nicolas Masurier,nmasurier,1086355,https://www.idref.fr/07356902X
S. Sanglier-Cianférani,sarah-cianferani,740820,https://www.idref.fr/070341222
J. Debray,jerome-debray,7492,https://www.idref.fr/152792716
Jean-Pierre Levy,jean-pierre-levy,10931,https://www.idref.fr/050647288
J. Vitte,joana-vitte,754717,https://www.idref.fr/095980806
Xavier Le Person,xavier-le-person,1214746,https://www.idref.fr/055763456
Peter Sinclair,peter-sinclair,178283,https://www.idref.fr/079205852
Nicolas G. Vaillant,nicolas-gerard-vaillant,183329,https://www.idref.fr/084644435
Herve Leleu,herve-leleu,10265,https://www.idref.fr/147096871
Christophe Tavera,christophe-tavera,173215,https://www.idref.fr/031888771
Ingrid C.Infante,ingrid-canero-infante,18133,https://www.idref.fr/193084376
D. Dorchies,david-dorchies,736672,https://www.idref.fr/253122376
Sponem Samuel,sponem,2814,https://www.idref.fr/08818420X
L. Kerkerian-Le-Goff,lydia-kerkerian-le-goff,749504,https://www.idref.fr/083386785
M. Guennou,mael-guennou,749527,https://www.idref.fr/12420452X
V. Couallier,couallier-vincent,12014,https://www.idref.fr/114357420
Isabelle Dusfour,isabelle-dusfour,745756,https://www.idref.fr/087295881
G. Junqua,guillaume-junqua,170437,https://www.idref.fr/067406971
J.P. Steyer,jean-philippe-steyer,743527,https://www.idref.fr/121854787
S. Breurec,sebastien-breurec,177152,https://www.idref.fr/06945535X
Sébastien Breurec,sebastien-breurec,177152,https://www.idref.fr/06945535X
Lotfi Chaari,lotfi-chaari,737160,https://www.idref.fr/151564027
Lmt Cachan,olivierallix,1063,https://www.idref.fr/032151594
Dauzère-Pérès Stéphane,stephane-dauzere-peres,14449,https://www.idref.fr/070373973
Moinet Mireille,mireille-moinet,172593,https://www.idref.fr/146362136
Catalin Miron,catalinmiron,1222468,https://www.idref.fr/193121875
Jean-Louis Ballester,benoit-ballester,10776,https://www.idref.fr/111468833
Christophe Gourdon,catherine-gourdon,11794,https://www.idref.fr/085590428
Olivier Guilbaud,olivier-guilbaud,1147862,https://www.idref.fr/263483568
Ophélie Saison,ophelie-saison-francioso,736645,https://www.idref.fr/185613675
Sibel Catakli,sibel-berger,4150,https://www.idref.fr/083811559
Trung Tan Nguyen,the-cuong-nguyen,6119,https://www.idref.fr/184994896
P Indelicato,paul-indelicato,17063,https://www.idref.fr/083262369
Robert Rolland,robert-rolland,803,https://www.idref.fr/029621100
B. Sirjean,baptiste-sirjean,741384,https://www.idref.fr/131935380
F. Billaud,francis-billaud,10000,https://www.idref.fr/060765585
Loïc Cadiet,loic-cadiet,763983,https://www.idref.fr/029303958
Thierry Chardes,thierry-chardes,174051,https://www.idref.fr/103139524
Laroque Guy,guy-laroque,966769,https://www.idref.fr/026966832
Nathalie Stempak,nathalie-lallemand-stempak,170241,https://www.idref.fr/175204586
C. Campillo,clement-campillo,175651,https://www.idref.fr/226651762
Salim Faci,salim-faci,177989,https://www.idref.fr/123169917
L. Rigutti,lorenzo-rigutti,175282,https://www.idref.fr/197992595
Isabelle Djeran-Maigre,irini-djeran-maigre,175864,https://www.idref.fr/14424005X
Frédéric Blanchard,frederic-blanchard,21975,https://www.idref.fr/103877398
S. Dousset,sylvie-dousset,744547,https://www.idref.fr/073752622
Christophe Gouel,christophe-gouel,10243,https://www.idref.fr/152002847
Lucile Beck,lucile-beck,741031,https://www.idref.fr/06979569X
E Beaugnon,eric-beaugnon,171949,https://www.idref.fr/064958930
D. Feurer,denis-feurer,5126,https://www.idref.fr/146156366
Frédéric J. G. Cuisinier,frederic-cuisinier,18493,https://www.idref.fr/06627060X
B. Wetzel,benjamin-wetzel,174281,https://www.idref.fr/177605758
B. Grevin,benjamin-grevin,177077,https://www.idref.fr/085934852
C. Hochard,christian-hochard,8639,https://www.idref.fr/057685517
N. Lahellec,noel-lahellec,8500,https://www.idref.fr/193530953
Francois Clément,francois-clement,15396,https://www.idref.fr/193278464
L. Guérin Schneider,laetitia-guerin,736455,https://www.idref.fr/086147226
Omar Anza Hafsa,omar-anza-hafsa,16174,https://www.idref.fr/070728542
J.P. Mandallena,jean-philippe-mandallena,14867,https://www.idref.fr/104424907
Célia Basurko,mathieu-nacher,11286,https://www.idref.fr/087955512
Beucler É,eric-beucler,184452,https://www.idref.fr/08905122X
Christian Chopin,chopin-christian,862791,https://www.idref.fr/071401776
Conway S. J.,susan-conway,171124,https://www.idref.fr/228939828
Jean Baptiste Meynard,jean-baptiste-meynard,21185,https://www.idref.fr/110974859
T. Bouchez,theodore-bouchez,747206,https://www.idref.fr/127372806
S. Jacquir,sabir-jacquir,742544,https://www.idref.fr/111488729
Jerome Renault,jerome-renault,21086,https://www.idref.fr/112479952
A. Hamami,ameur-el-amine-hamami,171559,https://www.idref.fr/137754736
V. Dutraive,veronique-dutraive,1686,https://www.idref.fr/061057576
E. Dantony,emmanuelle-dantony,21750,https://www.idref.fr/057445176
S. Graff-Dubois,stephanie-graff-dubois,758457,https://www.idref.fr/175336040
N. Bierne,nbierne,170491,https://www.idref.fr/067120458
A. Bispo,antonio-bispo,737024,https://www.idref.fr/170411435
S. Darmoni,stefan-darmoni,180619,https://www.idref.fr/03514243X
P.V. Afonso,philippe-afonso,746775,https://www.idref.fr/128680555
Elodie Bourgeat Lami,elodie-bourgeat-lami,174512,https://www.idref.fr/086696955
Armel Cretual,armel-cretual,1510,https://www.idref.fr/07761853X
Emmanuel Le Clezio,emmanuel-le-clezio,18458,https://www.idref.fr/060748575
Philippe Druault,philippe-druault,172243,https://www.idref.fr/164437746
Jean Pierre Chery,jean-pierre-chery,9282,https://www.idref.fr/118588524
Jean Philippe Tonneau,jean-philippe-tonneau,744301,https://www.idref.fr/057529523
C. Bidet-Ildei,christel-bidet-ildei,2765,https://www.idref.fr/115861718
A. Dhalluin,anne-dhalluin,735535,https://www.idref.fr/077597206
Chantal Housset,chantalhousset,901285,https://www.idref.fr/080918433
J.-Y. Monteau,jean-yves-monteau,16729,https://www.idref.fr/033022178
Pascal Arné,arne-pascal,1240613,https://www.idref.fr/139019448
J.B.De. Vivie,jean-baptiste-de-vivie,741567,https://www.idref.fr/186392702
Édouard Canot,edouard-canot-86,10590,https://www.idref.fr/139871632
Julien Auber,julien-aubert,883790,https://www.idref.fr/060321679
Jean-Baptiste Trebbia,jean-baptiste-trebbia,740345,https://www.idref.fr/121317862
M. Fodil,mostefa-fodil,1084581,https://www.idref.fr/19922854X
Clement Huneau,chuneau,3154,https://www.idref.fr/171884310
R. Fournet,rene-fournet,10850,https://www.idref.fr/131935003
Éric Lefevre,eric-lefevre,748165,https://www.idref.fr/081781237
Pauline Collon-Drouaillet,pauline-collon,9231,https://www.idref.fr/07611290X
Luis Pino,lpino,1912,https://www.idref.fr/183761472
T. Bertero,thomas-bertero,739368,https://www.idref.fr/166652377
Hamid Null Kellay,hamid-kellay,14460,https://www.idref.fr/05893636X
Isabelle Junqua,jerome-morio,20012,https://www.idref.fr/128195320
C. Baron,claude-baron,17727,https://www.idref.fr/069057893
Marie-Hélène Grondin,mhgrondin,760583,https://www.idref.fr/14852026X
Mohammed Mosbah,mosbah,12689,https://www.idref.fr/085507393
F. François Lévêque,leveque-francois,6222,https://www.idref.fr/07787000X
François Jérôme,francois-jerome,178472,https://www.idref.fr/083682279
L. Cécillon,lauric-cecillon,742373,https://www.idref.fr/133997081
Gaëlle Pantin-Sohier,gaelle-pantin-sohier,183602,https://www.idref.fr/08843706X
Irina Lassot,irena-lassot,174534,https://www.idref.fr/253126355
Guillaud Hubert,hubert-guillaud,1429,https://www.idref.fr/026908379
M. Pala,marco-pala,178951,https://www.idref.fr/185867715
H.N. Yoshikawa,harunori-yoshikawa,3703,https://www.idref.fr/11304965X
J.M. Debierre,jean-marc-debierre,173849,https://www.idref.fr/068938322
Aurélien Merkel,aurelien-merkel,1185368,https://www.idref.fr/153208422
Markus Noisternig,markus-noisternig,6697,https://www.idref.fr/263071103
P. Criqui,patrick-criqui,3564,https://www.idref.fr/026805553
P. Menanteau,philippe-menanteau,3561,https://www.idref.fr/19186689X
G. Vaudel,gwenaelle-vaudel,176111,https://www.idref.fr/190136588
M. Edely,mathieu-edely,176112,https://www.idref.fr/201681978
Aicha Seklouli Sekhari,aicha-sekhari,9104,https://www.idref.fr/182629678
Claire M.M. Gachon,claire-gachon,183171,https://www.idref.fr/091976901
Jérome Fort,jerome-fort,752,https://www.idref.fr/153338458
R. Lemee,rodolphe-lemee,176762,https://www.idref.fr/169814637
Jean Luc Dion,dionj,9757,https://www.idref.fr/080615058
E. Bocher,erwan-bocher,1577,https://www.idref.fr/095751548
P.O. Mazagol,pierre-olivier-mazagol,1621,https://www.idref.fr/114645019
Westall Frances,frances-westall,741728,https://www.idref.fr/113956851
Leonardo Sanches,leonardo-sanches,173269,https://www.idref.fr/163227314
E. Thébault,erwan-thebault,740059,https://www.idref.fr/084691557
Philippe Poirier,philippe-poirier,1243344,https://www.idref.fr/081713835
R. Daudin,remi-daudin,20688,https://www.idref.fr/159724139
Nora Faci,noura-faci,5279,https://www.idref.fr/188349138
H. Meiss,helmut-meiss,753812,https://www.idref.fr/150561776
N. Forget,nicolas-forget,184739,https://www.idref.fr/198109717
A.S. Colas,anne-sophie-colas,739867,https://www.idref.fr/137716222
J.M. Tacnet,jean-marc-tacnet,172113,https://www.idref.fr/142809810
Chailloux Emmanuel,emmanuel-chailloux,9494,https://www.idref.fr/061629588
G. Russolillo,giorgio-russolillo,179716,https://www.idref.fr/199177899
Y. Biondi,yuribiondi,181420,https://www.idref.fr/076925897
Jerome Quirant,jerome-quirant,12371,https://www.idref.fr/081193165
L. Sabbado da Rosa,laura-sabbado-da-rosa,177529,https://www.idref.fr/187891664
Clément Lacroûte,clement-lacroute,178783,https://www.idref.fr/146391446
Benoit Bayol,benoit-bayol,1595,https://www.idref.fr/195121295
Samia Aci-Sèche,samiaaci,179808,https://www.idref.fr/090045939
Célia S. Bonnet,celia-bonnet,174787,https://www.idref.fr/11150175X
P. Lefranc,marc-lefranc,1197,https://www.idref.fr/070754470
Stephane Charpentier,stephane-charpentier,175116,https://www.idref.fr/258176768
Fabienne Brule,fabienne-brule,175077,https://www.idref.fr/158051092
Sabine F. Bensamoun,sabine-bensamoun,174889,https://www.idref.fr/081540086
Lucas Mello Schnorr,lucas-mello-schnorr,11643,https://www.idref.fr/146770935
Sandrine Leveque-Fort,sandrine-leveque-fort,741110,https://www.idref.fr/158691288
M. Foldyna,martin-foldyna,170007,https://www.idref.fr/193053888
Raphaëlle Germi,raphaele-germi,735993,https://www.idref.fr/059509104
H. Mesbah,hmesbah,16060,https://www.idref.fr/069837953
A. J. Banday,anthony-banday,179497,https://www.idref.fr/073735302
G. Prézeau,simon-prunet,739461,https://www.idref.fr/151240094
Max Louis,nadege-gandilhon,745778,https://www.idref.fr/194674975
A. Null Herique,alain-herique,177804,https://www.idref.fr/139429816
V. de Montety,veronique-de-montety,173285,https://www.idref.fr/128889438
Danièle Noel,daniele-noel,21357,https://www.idref.fr/166770000
V. Lebreton,vincent-lebreton,185048,https://www.idref.fr/104413778
C. Lissak,candide-lissak,7488,https://www.idref.fr/167584804
Thi Dang Xuan Thao,thao-dang,180504,https://www.idref.fr/121779823
Francois Clement,francois-clement,15396,https://www.idref.fr/193278464
P.-Y. Mahieux,pierre-yves-mahieux,182416,https://www.idref.fr/163644063
Bruno Quélennec,bruno-quelennec,881785,https://www.idref.fr/192399632
G. Faburel,guillaume-faburel,1007,https://www.idref.fr/06108753X
S. Ruy,stephane-ruy,735709,https://www.idref.fr/199437513
C. Lamberts,christine-lamberts,3742,https://www.idref.fr/090304845
V. Rey,vincent-rey,737004,https://www.idref.fr/090213416
V. Rey,valentine-rey,8996,https://www.idref.fr/190368586
Alfonso San Miguel,alfonso-san-miguel,7019,https://www.idref.fr/071554165
Marianne Chatard,marianne-bessemoulin-chatard,2652,https://www.idref.fr/17004727X
H. Roth Sallard,helene-roth,20152,https://www.idref.fr/035305584
L. Barthe,laurie-barthe,1192862,https://www.idref.fr/124847412
Y.A. Tobon-Correa,ytobon,21882,https://www.idref.fr/223756709
Mickaël Petit,mickael-petit,17117,https://www.idref.fr/202975479
Jean François Petiot,jean-francois-petiot2,18217,https://www.idref.fr/066932815
Benoît Nennig,benoit-nennig,4602,https://www.idref.fr/148112382
E. Larose,eric-larose,738410,https://www.idref.fr/090866886
J. L. Faillie,jean-luc-faillie,753783,https://www.idref.fr/130986046
Philippe Schaeffer,philippe-schaeffer,178041,https://www.idref.fr/132078821
Frédéric Grandjean,frederic-grandjean,763488,https://www.idref.fr/059080825
Benoît. Dubacq,benoit-dubacq,11852,https://www.idref.fr/13971409X
Y. Mairesse,yann-mairesse,741115,https://www.idref.fr/092551033
Gerson Gerson Sunyé,sunye,2953,https://www.idref.fr/151750467
Caroline S. Cance,caroline-cance,8021,https://www.idref.fr/131853082
Jean-Marc Girault,jean-marc-girault,172008,https://www.idref.fr/167839101
J. C. Beugnot,jean-charles-beugnot,750535,https://www.idref.fr/143401483
James German,james-sneed-german,12455,https://www.idref.fr/253123062
Eddy Foy,eddy-foy,183251,https://www.idref.fr/25312462X
Ferre Sebastien,sebastienferre,1994,https://www.idref.fr/06939685X
W.E. Mackay,wendy-mackay,7073,https://www.idref.fr/130729523
E. Kaminsk,edouard-kaminski,176004,https://www.idref.fr/12718578X
Cécilia Zanni,cecilia-zanni-merk,15602,https://www.idref.fr/084091592
Bruno Francois,bruno-francois,18655,https://www.idref.fr/075960184
Salah Naïli,s-naili,4587,https://www.idref.fr/034059962
Robert Peyroux,robert-peyroux,10397,https://www.idref.fr/069693765
Olivier Buriez,olivier-buriez,738682,https://www.idref.fr/149659954
Benoît Crousse,benoit-crousse,181450,https://www.idref.fr/147528046
Sebastien Incerti,sebastien-incerti,184516,https://www.idref.fr/159332710
Y. Laurillau,yann-laurillau,5314,https://www.idref.fr/069458413
J. Mouginot,jeremie-mouginot,180238,https://www.idref.fr/139429867
Jean-Marc Andre,jean-marc-andre,17167,https://www.idref.fr/03343817X
M.L. Giorgi,marie-laurence-giorgi,19904,https://www.idref.fr/157168808
S. Panier,stephane-panier,17920,https://www.idref.fr/070448892
L. Vignollet,laurence-vignollet,10707,https://www.idref.fr/069817197
Stéphane Ginestar,stephane-ginestar,742069,https://www.idref.fr/143473042
J. Leconte,jeremy-leconte,180067,https://www.idref.fr/157870391
Baudouin de Senneville,baudouin-denis-de-senneville,13411,https://www.idref.fr/101018363
D. Alamarguy,david-alamarguy,6437,https://www.idref.fr/081093373
J. Contreras-García,julia-contreras-garcia,739065,https://www.idref.fr/197265693
G.L. Vignoles,gerard-vignoles,8801,https://www.idref.fr/070191875
Gwenael Jouannic,gwenael-jouannic,17861,https://www.idref.fr/166059595
Riad Yahiaoui,patrick-mounaix,10759,https://www.idref.fr/103916016
Gaël Choble,gael-choblet,179559,https://www.idref.fr/121840883
Frederic Deschaux-Beaume,frederic-deschaux-beaume,171869,https://www.idref.fr/165475889
Fabien Soulie,fabien-soulie,172830,https://www.idref.fr/074200534
David Parsons,david-parsons,3746,https://www.idref.fr/162011393
Eric Bidet,eric-bidet,1141708,https://www.idref.fr/034936688
Jean-Yves Chérot,jean-yves-cherot,8363,https://www.idref.fr/028291484
Valerie Gaudin,valerie-gaudin,1162697,https://www.idref.fr/081069154
Christian Bronner,christian-bronner,942996,https://www.idref.fr/110351827
J. Faure-Vincent,jerome-faure-vincent,746355,https://www.idref.fr/083692657
Etienne G J Danchin,danchin-etienne-gj,734755,"https://www.idref.fr/033644780,https://www.idref.fr/083014454"
Marie Laure Quilici,ml-quilici,735010,https://www.idref.fr/253135680
S. Corn,stephane-corn,20476,https://www.idref.fr/059626275
L. Romo,lucia-romo,1282369,https://www.idref.fr/161080154
J.B. Jean-Benoît Morin,jean-benoit-morin,18922,https://www.idref.fr/113270283
J. de Vos,john-de-vos,21972,https://www.idref.fr/060590254
C. Gwizdek,carole-gwizdek,742087,https://www.idref.fr/253128951
Vladimir Shevchik,vladimir-shevchik,742635,https://www.idref.fr/157585808
Marie-Pierre Chapot-Chartier,marie-pierre-chapot-chartier,1164709,https://www.idref.fr/073298441
Aleksandra M Walczak,walczak-aleksandra,738345,https://www.idref.fr/224745492
Nk M'Sirdi,k-nacer-msirdi,12947,https://www.idref.fr/061087823
M. Pagoni,maria-pagoni,12492,https://www.idref.fr/050714619
Roux Philippe,philippe-roux,178636,https://www.idref.fr/136486452
Rosny Julien De,julien-de-rosny,180263,https://www.idref.fr/089425332
Éric Desjardin,eric-desjardin-51-fr,174490,https://www.idref.fr/241034299
Amélie Guitart,amelievguitart,1264713,https://www.idref.fr/145076164
Andrea Slézia,pascale-quilichini,183846,https://www.idref.fr/088102300
Kévin Bailly,kevin-bailly,181765,https://www.idref.fr/178678244
Pauline Henri,pauline-henri,1248791,https://www.idref.fr/150320078
J.M. Chovelon,jean-marc-chovelon,10511,https://www.idref.fr/071524169
Hervé́ Verjus,herve-verjus,752014,https://www.idref.fr/147732344
Guillaume Le Hir,guillaume-le-hir,763763,https://www.idref.fr/200370219
Quentin Lampin,twatteyne,7662,https://www.idref.fr/144383101
Valois Fabrice,fabrice-valois,17521,https://www.idref.fr/112814085
Richard Patryk Ngondo-Mbongo,patryk-ngondo,739463,https://www.idref.fr/177067179
Lefebvre Antoine,antoine-lefebvre,9006,https://www.idref.fr/152506349
Corpetti Thomas,thomas-corpetti,2112,https://www.idref.fr/067284396
Nathalie Touze Foltz,nathalie-touze,736146,https://www.idref.fr/055781349
Laurent Mazeas,laurent-mazeas,748044,https://www.idref.fr/185868487
S. Laruelle,stephane-laruelle,6071,https://www.idref.fr/224531549
Kahn Daniel,daniel-kahn,169623,https://www.idref.fr/067147321
Ronel Bire,ronel-bire,972723,https://www.idref.fr/08905184X
Gaud Pinel,gaud-dervilly,746756,https://www.idref.fr/18894821X
J.C. Hippolyte,jean-claude-hippolyte,19588,https://www.idref.fr/152862897
Infante I. Canero,ingrid-canero-infante,18133,https://www.idref.fr/193084376
P.E. Janolin,pierre-eymeric-janolin,172044,https://www.idref.fr/187534004
C. Feidt,cyril-feidt,753113,https://www.idref.fr/092187013
F Marchal,frederic-marchal,737872,https://www.idref.fr/253379563
. Hachette & Cie Éditeurs,eliane-daphy,236,https://www.idref.fr/050679678
. Répertoire Plébins Éditeur,eliane-daphy,236,https://www.idref.fr/050679678
Florent Lebon,florent-lebon,980424,https://www.idref.fr/155697943
Domenger Jean Philippe,jean-philippe-domenger,12410,https://www.idref.fr/060975776
J.Ph Boussemart,jean-philippe-boussemart,16965,https://www.idref.fr/033552134
Eglantine Guely,eglantine-guely-costa,2145,https://www.idref.fr/16437390X
Erdlenbruch Katrin,katrin-erdlenbruch,171176,https://www.idref.fr/087956330
Marc-Antoine Miville-Deschenes,marc-antoine-miville-deschenes,741816,https://www.idref.fr/078115361
R. Loubère,raphael-loubere,12020,https://www.idref.fr/069269858
Sophie Pénisson,sophie-penisson,15115,https://www.idref.fr/157570509
A. Dréau,anais-dreau,742188,https://www.idref.fr/177388617
Arnold Blaisonneau,arnold-blaisonneau,893206,https://www.idref.fr/069218420
I. Bombarda,bombarda-isabelle,19779,https://www.idref.fr/128028289
Gwenaël Imfeld,gimfeld,738385,https://www.idref.fr/178114383
Andre Chailloux,andre-chailloux,1670,https://www.idref.fr/15358372X
Jacques Gardon,jacques-gardon,21615,https://www.idref.fr/165713712
Brigitte Vinçon-Leite,brigitte-vincon-leite,375,https://www.idref.fr/163741964
Brice Termine-Roussel,brice-temime-roussel,16960,https://www.idref.fr/074334549
Dragoş Iftimie,diftimie,12375,https://www.idref.fr/131807021
Celia S. Bonnet,celia-bonnet,174787,https://www.idref.fr/11150175X
F. Frédéric Fabre,frederic-fabre,735831,https://www.idref.fr/083686339
L Cerutti,laurent-cerutti,18385,https://www.idref.fr/069263302
Jp. Guin,jean-pierre-guin,877,https://www.idref.fr/05937442X
C. Despas,christelle-despas,19550,https://www.idref.fr/158013263
E. Montargès-Pelletier,emmanuelle-montarges-pelletier,13624,https://www.idref.fr/152061932
A. Delalande,anthony-delalande,175082,https://www.idref.fr/178613525
Valérie Pujade-Renaud,valerie-pujade-renaud,739027,https://www.idref.fr/164684034
Michaël Fontaine,michael-fontaine,173811,https://www.idref.fr/143298348
Davide Franco,davide-franco,180994,https://www.idref.fr/18950045X
C. Petrone,caterina-petrone,172400,https://www.idref.fr/156862794
Patrick Gelin,patrick-gelin,10533,https://www.idref.fr/076899063
Pierre-Andre Caron,pierre-andre-caron,8284,https://www.idref.fr/117452181
Eric Clua,ericclua,1159894,https://www.idref.fr/056602626
Lucien Pirio,luc-pirio,742327,https://www.idref.fr/089289684
L. Bonhomme,laure-bonhomme,13618,https://www.idref.fr/253128870
C. Drag,cyril-drag,735968,https://www.idref.fr/192892657
V. Montety De,veronique-de-montety,173285,https://www.idref.fr/128889438
Cyril B. Labbé,clabbe,171160,https://www.idref.fr/181341050
Isabelle Sommier,isabelle-sommier,1215855,https://www.idref.fr/035400056
Julie Arnaud,julie-arnaud,1198315,https://www.idref.fr/184947804
Francois Bousquet,francois-bousquet,751904,https://www.idref.fr/074747835
M. Bahriz,michael-bahriz,19491,https://www.idref.fr/127660763
D Faurie,damien-faurie,748295,https://www.idref.fr/095054766
Y Roussigné,yves-roussigne,748338,https://www.idref.fr/168783487
J. P. A. M. de André,joao-pedro-athayde-marcondes-de-andre,735753,https://www.idref.fr/169670309
M. Day,joao-pedro-athayde-marcondes-de-andre,735753,https://www.idref.fr/169670309
J. P. A. M. de Andre,joao-pedro-athayde-marcondes-de-andre,735753,https://www.idref.fr/169670309
Rahmouni Rachid A.,rachid-rahmouni,175032,https://www.idref.fr/103960864
Boudvillain Marc,marc-boudvillain,21327,https://www.idref.fr/096361409
J. Perret-Liaudet,joelperret-liaudet,18244,https://www.idref.fr/071537082
Thérèse Falliero,therese-falliero,17042,https://www.idref.fr/154762512
Jérôme E. Roger,jerome-roger,8827,https://www.idref.fr/092083986
G. Ardila,gustavo-ardila,172136,https://www.idref.fr/129121894
Pierre Grussenmeyer,pierre-grussenmeyer,749150,https://www.idref.fr/035306858
Samuel Troncon,stroncon,8096,https://www.idref.fr/118387936
Thierry Condamines,thierry-condamines,7524,https://www.idref.fr/253129370
Michaël Weber,michael-weber,752076,https://www.idref.fr/078857430
Jerome Eeckhoute,jerome-eeckhoute,174724,https://www.idref.fr/094164177
Rut Carballido-Lopez,rut-carballido-lopez,748976,https://www.idref.fr/155680404
J. M. Herry,jean-marie-herry,745879,https://www.idref.fr/195476395
Christophe Proust,christophe-proust,740477,"https://www.idref.fr/034103755,https://www.idref.fr/034103155"
M'Hamed Sahnoun,mhammed-sahnoun,15524,https://www.idref.fr/123257867
A Razek,adel-razek,7454,https://www.idref.fr/069232423
H.Z. Li,huai-zhi-li,20058,https://www.idref.fr/033959366
Agnès Henriot van Zanten,agnes-van-zanten,741271,https://www.idref.fr/030023459
Caroline Berenguer,daize-berenguer-caroline,20794,https://www.idref.fr/253129907
Lionel Teulé-Gay,lionel-teule-gay,1216688,https://www.idref.fr/267056249
Frederic Jamme,frederic-jamme,12798,https://www.idref.fr/23194537X
Matthieu Refregiers,matthieu-refregiers,12745,https://www.idref.fr/083268685
L. Popovitch,laurent-popovitch,9769,https://www.idref.fr/117701572
Olivier Jacques Manzoni,olivier-manzoni,13735,https://www.idref.fr/072288183
Jean Louis Hazemann,jean-louis-hazemann,172032,https://www.idref.fr/078043174
S. Ribes,sandrine-frayssinhes,1238013,https://www.idref.fr/115666915
Christian-George Bénar,christian-g-benar,183494,https://www.idref.fr/187234825
Joël Doré,joel-dore,1206301,https://www.idref.fr/069752249
Claire Corratgé-Faillie,claire-corratge-faillie,1156262,https://www.idref.fr/077273672
F Rossi,francesca-rossi,180428,https://www.idref.fr/199122504
G Henrion,gerard-henrion,172347,https://www.idref.fr/130897620
M Mikikian,maxime-mikikian,2830,https://www.idref.fr/176883800
Remi Geiger,remi-geiger,973167,https://www.idref.fr/15701102X
Hugo Raguet,hugo-raguet,3748,https://www.idref.fr/181775468
Philippe Delanoe,philippe-delanoe,7953,https://www.idref.fr/074452398
Julie Demars,julie-demars,736964,https://www.idref.fr/192401297
Sébastien Popoff,sebastien-popoff,740643,https://www.idref.fr/160494664
Gisele Bonne,gisele-bonne,183818,https://www.idref.fr/075894920
O. Crumeyrolle,olivier-crumeyrolle,19941,https://www.idref.fr/069345902
Cedric Gaucherel,cedric-gaucherel,177933,https://www.idref.fr/151843953
L. Bamiere,laure-bamiere,744536,https://www.idref.fr/185925359
Jean-Charles Sautet,jean-charles-sautet,174990,https://www.idref.fr/08846069X
Adriana Miele,adriana-erica-miele,18507,https://www.idref.fr/179738666
D. Barthélemy,daniel-barthelemy,752238,https://www.idref.fr/033483809
Q. Rafhay,quentin-rafhay,170409,https://www.idref.fr/140482199
M. G. Pala,marco-pala,178951,https://www.idref.fr/185867715
I. Ionica,irina-ionica,170880,https://www.idref.fr/108496651
E. Lamouroux,emmanuel-lamouroux,21604,https://www.idref.fr/243678975
A. Boudier,ariane-boudier,17121,https://www.idref.fr/128201592
M. Perrin-Terrin,perrin-terrin,741779,https://www.idref.fr/179269666
Fabien Lienard,fabien-lienard,172726,https://www.idref.fr/137710887
Jérôme Gateau,jerome-gateau,16004,https://www.idref.fr/151120064
Maël Le Treust,mael-le-treust,4065,https://www.idref.fr/157418472
Klein Olivier,oklein,15458,https://www.idref.fr/095107231
C. Douilliez,cdouilliez,1804,https://www.idref.fr/183286693
T. Mineva,tzonka-mineva,743255,https://www.idref.fr/167712985
A. Kaminski-Cachopo,anne-kaminski-cachopo,170356,https://www.idref.fr/09511341X
Nicolas Puff,nicolas-puff,176232,https://www.idref.fr/243321112
Raphael Rapetti-Mauss,raphael-rapetti-mauss,738397,https://www.idref.fr/170016048
Dimitri Mercier,dimitri-mercier,21062,https://www.idref.fr/111086981
Ahmed Naitabdi,ahmed-naitabdi,1216447,https://www.idref.fr/10988731X
S. Conway,susan-conway,171124,https://www.idref.fr/228939828
J. F. Betzer,jean-francois-betzer,175813,https://www.idref.fr/15800941X
Leite-De-Moraes M.C.,maria-do-carmo-leite-de-moraes,736894,https://www.idref.fr/09147230X
B. Massot,bertrand-massot,21648,https://www.idref.fr/164022791
Olivier Le Contel,olivier-le-contel,182560,https://www.idref.fr/234090782
G. Sarret,geraldine-sarret,738344,https://www.idref.fr/145642712
E. Montarges,emmanuelle-montarges-pelletier,13624,https://www.idref.fr/152061932
P. Longere,patrice-longere,19307,https://www.idref.fr/076632067
C. Laux,christophe-laux,182888,https://www.idref.fr/116055790
J. Bechade,jean-luc-bechade,170205,https://www.idref.fr/03363047X
E. Lefevre,eric-lefevre,748165,https://www.idref.fr/081781237
A. Yu Pasko,alexandre-pasko,17046,https://www.idref.fr/204036291
L. Orgéas,laurent-orgeas,15227,https://www.idref.fr/113732570
F. Parent,florence-parent,185021,https://www.idref.fr/17655663X
H. Maher,hassan-maher,754932,https://www.idref.fr/078124980
G. Houzet,gregory-houzet,171621,https://www.idref.fr/140767088
M. Uyttewaal,magalie-uyttewaal,1165912,https://www.idref.fr/122997476
K. Hammani,kamal-hammani,14602,https://www.idref.fr/160722144
Jérôme Sallet,jerome-sallet,739715,https://www.idref.fr/229787479
T. Cauchy,thomas-cauchy,183495,https://www.idref.fr/137559232
J.-C. Poggiale,jean-christophe-poggiale,19867,https://www.idref.fr/083601856
Franck Guy,franck-guy,740923,https://www.idref.fr/059207779
F. Lamnabhi Lagarrigue,francoise-lamnabhi-lagarrigue,169962,https://www.idref.fr/032925735
Jean-Pascal Borra,289945,740082,https://www.idref.fr/060760168
C. Odin,christophe-odin,2838,https://www.idref.fr/150387636
Omar Boussaid,omar-boussaid,172986,https://www.idref.fr/074555081
T.W. Cornelius,thcornelius,18168,https://www.idref.fr/200023373
P. Gégout,pascal-gegout,738431,https://www.idref.fr/233138307
Céline Brochier-Armanet,celine-brochier-armanet,178614,https://www.idref.fr/142968455
Ludovic D.C. Jaubert,ludovic,14245,https://www.idref.fr/191788627
Delphine Kolesnik-Antoine,delphine-antoine-mahut,172587,https://www.idref.fr/035732547
Cristina Stoica,cristina-stoica-maniu,18945,https://www.idref.fr/231867581
Jérôme Bouchet,jeromebouchet,740245,"https://www.idref.fr/144621908,https://www.idref.fr/250259974"
I. Mokbel,ilham-mokbel,178296,https://www.idref.fr/086480138
Olivier Cateura,olivier-cateura,1252329,https://www.idref.fr/12119602X
F. Grasset,fabien-grasset,10745,https://www.idref.fr/142536318
Stéphane Réty,stephane-rety,178257,https://www.idref.fr/171681126
G. Dirberg,guillaume-dirberg,181238,https://www.idref.fr/253121272
Fabien Robert-Peillard,fabien-robert-peillard,17020,https://www.idref.fr/112368220
Sergey Nikitenko,sergey-nikitenko,172034,https://www.idref.fr/148629180
Y. Lembeye,yves-lembeye,746007,https://www.idref.fr/114368767
Franck Morfin,franck-morfin,173754,https://www.idref.fr/126514194
Jean-Luc Rousset,jean-luc-rousset,10561,https://www.idref.fr/12509521X
F. Giacomoni,giacomoni-franck,181685,https://www.idref.fr/253126916
Mohamed Abbas-Turki,mabbas,18714,https://www.idref.fr/09741459X
N. Greenan,nathalie-greenan,1441,https://www.idref.fr/034562370
Valérie Keller-Spitzer,valerie-keller,742395,https://www.idref.fr/079431097
Fabien Bonnet,fabien-bonnet,3627,https://www.idref.fr/168703882
Pierre Louis Taberna,pierre-louis-taberna,740864,https://www.idref.fr/072323361
M. Moret,matthieu-moret,745256,https://www.idref.fr/068921381
S. Djouad,selim-djouad,171239,https://www.idref.fr/253124743
Tomo Suzuki,tomosuzuki-muresan,169535,https://www.idref.fr/11651292X
Benjamin Kadoch,benjamin-kadoch,183811,https://www.idref.fr/151910537
Alain Faivre-Chauvet,alain-chauvet,741786,https://www.idref.fr/077308069
Didier Desmaële,didier-desmaele,739286,https://www.idref.fr/069413797
Gustavo Aldolfo Ardila Rodriguez,gustavo-ardila,172136,https://www.idref.fr/129121894
Minus van Baalen,minusvanbaalen,741513,https://www.idref.fr/077932080
M.-A. Miville-Deschenes,marc-antoine-miville-deschenes,741816,https://www.idref.fr/078115361
J.-P. Chapel,jean-paul-chapel,738637,https://www.idref.fr/086695266
J. Fresnais,jerome-fresnais,10310,https://www.idref.fr/081298862
Catherine Sautès-Fridman,catherine-sautes-fridman,887702,https://www.idref.fr/089053273
S. Durrieu,sylvie-durrieu,13573,https://www.idref.fr/18384968X
C. Montigny,cedric-montigny,739880,https://www.idref.fr/08299157X
M. Collot,mayeul,739469,https://www.idref.fr/131108298
Jm Mallet,jean-maurice-mallet,740429,https://www.idref.fr/033976996
N. Loiseau,nicolas-loiseau,182810,https://www.idref.fr/071336338
P. Lafite,pierre-lafite,751038,https://www.idref.fr/143719491
F. André,frederic-andre,170414,https://www.idref.fr/185079733
Emmanuelle Vulliet,emmanuelle-vulliet,1010944,https://www.idref.fr/071523863
Gabrielle Melison-Hirchwald,gabrielle-hirchwald,741937,"https://www.idref.fr/316399019,https://www.idref.fr/163990190"
C. van Heijenoort,carine-van-heijenoort,742733,https://www.idref.fr/137283792
Valérie Jousseaume,valerie-jousseaume,11506,https://www.idref.fr/050210475
N. Maillet,nicolas-maillet,184824,https://www.idref.fr/176035834
V. Chavagnac,valerie-chavagnac,178961,https://www.idref.fr/057671168
Matthieu Rouleau,matthieu-rouleau,740579,https://www.idref.fr/111284805
C. Favard,cyril-favard,178656,https://www.idref.fr/172175151
Stéphane Chevalier,sylvie-chevalier,179400,https://www.idref.fr/162092970
N. Fourrié,nadia-fourrie,176844,https://www.idref.fr/147211158
V. Guidard,vincent-guidard,3184,https://www.idref.fr/123400023
Cécile Crespy,cecile-crespy,1254901,https://www.idref.fr/113999666
Andrew Gilbert,maxime-guilbaud,177174,https://www.idref.fr/236157566
Emmanuelle d'Alençon,emmanuelle-dalencon,1173504,https://www.idref.fr/175624879
Eric H. Oelkers,eric-oelkers,750111,https://www.idref.fr/069907226
F. d'Ortenzio,fabrizio-dortenzio,169942,https://www.idref.fr/179752502
Maria Leite de Moraes,maria-do-carmo-leite-de-moraes,736894,https://www.idref.fr/09147230X
Anastassia Yu. Borisova,anastassia-borisova,739650,https://www.idref.fr/232624143
C. L. Chen,chunlong-chen,739543,https://www.idref.fr/126206570
M. Rieu,mathilde-rieu,737890,https://www.idref.fr/142879827
E.H. Oelkers,eric-oelkers,750111,https://www.idref.fr/069907226
F. Chalon,florent-chalon,17165,https://www.idref.fr/061330787
I. Adt,isabelle-adt,181539,https://www.idref.fr/071216170
Raphaele Germi,raphaele-germi,735993,https://www.idref.fr/059509104
S. Caubet,stephane-duvezin-caubet,740789,https://www.idref.fr/259023892
F. Turbout,frederique-turbout,169656,https://www.idref.fr/06910705X
L. Berti-Équille,laure-berti-equille,19540,https://www.idref.fr/130675725
V. Goasdoué,virginie-thion,3516,https://www.idref.fr/084253967
E. Tournié,eric-tournie,18604,https://www.idref.fr/077085035
J. Boch,jerome-boch,18222,https://www.idref.fr/076170632
K. Castellani-Coulié,karine-coulie,19592,https://www.idref.fr/072405902
J. Popovici,jean-popovici,754990,https://www.idref.fr/134210441
Cedric Demonceaux,cedric-demonceaux,3900,https://www.idref.fr/093832575
El Mustapha Mouaddib,e-mouaddib,5058,https://www.idref.fr/100511996
F. Fonseca,fernanda-fonseca,177024,https://www.idref.fr/057054649
Sainctavit Ph.,philippe-sainctavit,741897,https://www.idref.fr/070680523
Jérôme Vergne,jerome-vergne,170255,https://www.idref.fr/069318255
Edouard Metzger,edouard-metzger,180974,https://www.idref.fr/204694760
M. Benedetti,marc-f-benedetti,181021,https://www.idref.fr/032902832
M. Benedetti,pascal-reiller,7397,https://www.idref.fr/146452577
I. Nasteva,elisabeth-niel,749836,https://www.idref.fr/258244909
M. Gateau,matthieu-gateau,13116,https://www.idref.fr/12161381X
L. Ramond,laure-ramond,183624,https://www.idref.fr/161028861
F. Can,xavier-courtois,742935,https://www.idref.fr/069648794
Sébastien Lefevre,sebastien-lefevre,3219,https://www.idref.fr/113437773
Bertrand B. Couasnon,bertrand-couasnon,5048,https://www.idref.fr/077114094
Mylene Weill,mylene-weill,170754,https://www.idref.fr/101516495
C. Dubessy,christophe-dubessy,179355,https://www.idref.fr/140174966
C. Morlay,catherine-morlay,173614,https://www.idref.fr/10937004X
D. Pontier,dominique-pontier,181975,https://www.idref.fr/069068410
Harold Mouch?e,harold-mouchere,3286,https://www.idref.fr/124893929
Cécile Autret-Lambert,cecile-autret,18337,https://www.idref.fr/070140855
Antoine Ruyter,antoine-ruyter,19521,https://www.idref.fr/133283674
R. Melot,romain-melot,743748,https://www.idref.fr/078882540
M. Fustier,marie-fustier-boutignon,739577,https://www.idref.fr/177171731
Freddy Odille,freddy-odille,746717,https://www.idref.fr/120678071
L. Chaloin,laurent-chaloin,739922,https://www.idref.fr/188911863
G. Paris,guillaume-paris,174820,https://www.idref.fr/163245487
Notingher Jr P.,petru-notingher,21254,https://www.idref.fr/059859393
J.-L. Seidel,jean-luc-seidel,21241,https://www.idref.fr/113396201
K.G. Arun,stanislav-babak,738776,https://www.idref.fr/251073904
Blichert-Toft Janne,janne-blichert-toft,738546,https://www.idref.fr/111062624
C. Sanloup,chrystele-sanloup,11862,https://www.idref.fr/091939402
Teodor Tiplica,teodor-tiplica,182269,https://www.idref.fr/070943559
Raphael Pik,raphael-pik,175884,https://www.idref.fr/161839479
Hervé Watier,herve-watier,180174,https://www.idref.fr/06713470X
Pierre Louis Goossens,goossens-pl-goossens,747692,https://www.idref.fr/16561952X
D. Tanguy,dome-tanguy,17208,https://www.idref.fr/18907311X
David Delafosse,david-delafosse,329,https://www.idref.fr/057384258
Benoit Cerutti,benoit-cerutti,738680,https://www.idref.fr/14587172X
Gaël Simon,gael-simon,746333,https://www.idref.fr/193887215
Agnès Dechartres,agnes-dechartres,1087261,https://www.idref.fr/139566716
Bénédicte Elena-Herrmann,benedicte-elena-herrmann,178268,https://www.idref.fr/160555809
Jean-Christophe Andrau,jean-christophe-andrau,740768,https://www.idref.fr/153245352
O. Bouriaud,olivier-bouriaud,743339,https://www.idref.fr/203591917
J. Geringer,jean-geringer,745299,https://www.idref.fr/110519833
C. François,clement-francois,173204,https://www.idref.fr/155474146
Daniel Bouchez,carre-na-eunjoo,7041,https://www.idref.fr/229161405
Vincent Semetey,vincent-semetey,741624,https://www.idref.fr/107695537
M. -A. Miville-Deschênes,marc-antoine-miville-deschenes,741816,https://www.idref.fr/078115361
R. Quey,quey-romain,20901,https://www.idref.fr/13556994X
Lionel Franz Poulin,lionel-poulin,740884,https://www.idref.fr/198062907
Annemarie Coffman Lellouch,annemarie-lellouch,742693,https://www.idref.fr/253128293
Joel Dore,joel-dore,1206301,https://www.idref.fr/069752249
M. P. Chapot-Chartier,marie-pierre-chapot-chartier,1164709,https://www.idref.fr/073298441
V. Juillard,vincent-juillard,736575,https://www.idref.fr/060929111
Veronique Monnet,veronique-monnet,735682,https://www.idref.fr/031402534
Jeanne-Marie Membre,jeanne-marie-membre,736751,https://www.idref.fr/167001388
V. Martinet,vincent-martinet,747013,https://www.idref.fr/092276997
J. Casalinho,joel-casalinho,8203,https://www.idref.fr/253119308
D. Marage,damien-marage,16867,https://www.idref.fr/087893746
P.-J. Liotier,pierre-jacques-liotier,1122848,https://www.idref.fr/133205622
M. Gorram,mohamed-gorram,9179,https://www.idref.fr/136527957
Anne-Emmanuelle Hay,anne-emmanuelle-hay,744558,https://www.idref.fr/161482430
Gaelle Gueguen Hallouet,gaelle-gueguen-hallouet,182181,https://www.idref.fr/075940736
Pegguy Chekroun,peggy-chekroun,180951,https://www.idref.fr/069675694
Pëgguy Chekroun,peggy-chekroun,180951,https://www.idref.fr/069675694
Maxime L'Heritier,maxime-lheritier,12441,https://www.idref.fr/116414014
V. Lesur,vincent-lesur,176142,https://www.idref.fr/118280317
Thierry Baron,thierry-baron,739925,https://www.idref.fr/130661813
Anna Bencsik,anna-bencsik,14794,https://www.idref.fr/204604125
Edwige Camp,edwige-camp,1246051,https://www.idref.fr/11119119X
Sophie Boutillier,sophie-boutillier,853407,https://www.idref.fr/031062423
Frédéric Béjina,frederic-bejina,178544,https://www.idref.fr/198391218
Pascale Bénézeth,pascale-benezeth,174955,https://www.idref.fr/163808430
Anne Charmantier,anne-charmantier,741841,https://www.idref.fr/113985886
Krinner Gerhard,gerhard-krinner,170087,https://www.idref.fr/097675865
José Darrozes,jdarrozes,997129,https://www.idref.fr/075924196
Jean P Lachaud,jean-paul-lachaud,175138,https://www.idref.fr/035823569
J. L. Probst,jean-luc-probst,178393,https://www.idref.fr/033169713
G. Le Hir,guillaume-le-hir,763763,https://www.idref.fr/200370219
D. Cardinal,damien-cardinal,184611,https://www.idref.fr/119090988
Audrey Michaud,audrey-michaud,172077,https://www.idref.fr/117491381
Eric Oelkers,eric-oelkers,750111,https://www.idref.fr/069907226
E. H. Oelkers,eric-oelkers,750111,https://www.idref.fr/069907226
Didier Ménard,didier-menard,184372,https://www.idref.fr/117629006
F. Poitrasson,franck-poitrasson,180418,https://www.idref.fr/069893187
Pascal P Thérond,laurent-ruel,752592,https://www.idref.fr/077039165
C. Miramont,cecile-miramont,169720,https://www.idref.fr/07501727X
S El Kirat Chatel,sofiane-el-kirat-chatel,19552,https://www.idref.fr/253127041
A. Migan-Dubois,anne-migan,5986,https://www.idref.fr/183916492
Raphael Janot,raphael-janot,178860,https://www.idref.fr/059443987
V. Bonnardot,valerie-bonnardot,2231,https://www.idref.fr/166607606
Fabrice Pierre,fpierreinrae,746525,"https://www.idref.fr/029584574,https://www.idref.fr/23236088X"
Mioara Maria Joldes,mioara-joldes,735561,https://www.idref.fr/156990415
Philippe Gérard,philippe-gerard,736154,https://www.idref.fr/160251222
S. Ould-Saad Hamadi,sidi-ould-saad-hamady,7475,https://www.idref.fr/061189022
L. Cournac,laurent-cournac,1146796,https://www.idref.fr/151665591
Anne Boudier,ariane-boudier,17121,https://www.idref.fr/128201592
Hélène Sol,helene-sol,742665,https://www.idref.fr/032998198
E. Lojou,elisabeth-lojou,738543,https://www.idref.fr/108802205
Manon Guille,manon-guille-collignon,178332,https://www.idref.fr/094180601
G. Tobie,gabriel-tobie,179437,https://www.idref.fr/081379455
S. Le Mouélic,stephane-le-mouelic,179612,https://www.idref.fr/150709757
V. Vuitton,veronique-vuitton,742115,https://www.idref.fr/06693026X
F.-X. Schmider,f-x-schmider,739354,https://www.idref.fr/050412787
N. Bonvallot,nathalie-bonvallot,17548,https://www.idref.fr/074002740
Etienne Klein,etienne-klein,184469,https://www.idref.fr/143486306
Jean-Pierre Prost,sean-raymond,738882,https://www.idref.fr/175669732
Mintova-Lazarova Svetlana,svetlana-mintova,179618,https://www.idref.fr/129918814
C. G. Marchiori,giovanni-marchiori,741274,https://www.idref.fr/180997203
D. Orange,didier-orange,20826,https://www.idref.fr/033169675
Anne Lebatard,anne-elisabeth-lebatard,12256,https://www.idref.fr/127024565
T. Tassaing,thierry-tassaing,738526,https://www.idref.fr/166508098
L. Girbal,laurence-girbal,21458,https://www.idref.fr/122246896
Eduardo P. C. Rocha,epcrocha,184966,https://www.idref.fr/066829178
Eduardo P C Rocha,epcrocha,184966,https://www.idref.fr/066829178
P. Pech,pierre-pech,19691,https://www.idref.fr/031340598
Rob Davis,robert-davis,5951,https://www.idref.fr/229969402
Bernold Hasenknopf,bernold-hasenknopf,856499,https://www.idref.fr/130294861
Emmanuel Lacôte,emmanuel-lacote,174398,https://www.idref.fr/143360531
A. Fernandez Martinez,alejandro-fernandez-martinez,740077,https://www.idref.fr/202645940
Gudrun Aldrian-Herrada,gudrun-aldrian,176788,https://www.idref.fr/253121841
Ml Parmentier,marie-laure-parmentier,183209,https://www.idref.fr/123446023
Nazim Fatès,nazim-fates,1369,https://www.idref.fr/104530251
Éric Andres,eric-andres,6206,https://www.idref.fr/077093879
Francois Pellegrini,francois-pellegrini,22060,https://www.idref.fr/121460894
S. Ferez,sylvain-ferez,19309,https://www.idref.fr/080146813
C. Blaya-Debarbieux,catherine-blaya,5787,https://www.idref.fr/057765766
J.Y. Rauch,jean-yves-rauch,749964,https://www.idref.fr/103437355
C. Blaya,catherine-blaya,5787,https://www.idref.fr/057765766
Julien Hiet,dominique-massiot,5931,https://www.idref.fr/083150765
Meryem Mojtahid,mmojtahid,991941,https://www.idref.fr/137522177
Marc Salle,marc-salle,183386,https://www.idref.fr/09085697X
J.-J. Vasseur,jean-jacques-vasseur,176784,https://www.idref.fr/068903847
Joël Sommeria,joel-sommeria,742779,https://www.idref.fr/049423991
Fabienne Froux,fabienne-tatin-froux,14481,https://www.idref.fr/060798769
Therese Leblois,therese-leblois,744566,https://www.idref.fr/103260358
Le Deit L,laetitia-le-deit,179208,https://www.idref.fr/144571285
Jean Roch Huntzinger,jean-roch-huntzinger,14155,https://www.idref.fr/253128412
Patrick Gillieron,patrick-gillieron,9285,https://www.idref.fr/110496752
D. Escudie,dany-escudie,170475,https://www.idref.fr/074539337
F. Baillot,francoise-baillot,174950,https://www.idref.fr/026701111
E. Domingues,eric-domingues,16723,https://www.idref.fr/154802964
B. Patte-Rouland,beatrice-patte-rouland,180311,https://www.idref.fr/155676512
E. Christians,elisabeth-christians,747103,https://www.idref.fr/158987470
Ge?raldine Masson,geraldine-masson,735663,https://www.idref.fr/075413809
Laurent J Catoire,laurent-j-catoire,739557,https://www.idref.fr/204661188
Étienne Farvaque,etienne-farvaque,20104,https://www.idref.fr/061113581
Claire Lartigue,carole-lartigue,736585,https://www.idref.fr/253127130
Claire Lartigue,jean-loup-gregorio,21952,https://www.idref.fr/032807090
Odile Abraham,odileabraham,1184918,https://www.idref.fr/073915629
Didier Roche,didier-m-roche,180249,https://www.idref.fr/095212183
M. Was,michalwas,739657,https://www.idref.fr/153023481
Marylene Possamai-Perez,marylene-possamai-perez,859441,https://www.idref.fr/034294007
Emmanuelle Vidal-Salle,emmanuelle-vidal-salle,171793,https://www.idref.fr/156569841
M. Pillet,mauricepillet,15719,https://www.idref.fr/029877407
Jarir Mahfoudh,jmahfoudh,4836,https://www.idref.fr/220597588
Anne Schneider,anne-schneider,1123578,https://www.idref.fr/114454116
Marie-Anne Arcangioli,marie-anne-arcangioli,171818,https://www.idref.fr/075059606
Laure Bally-Cuif,laure-bally-cuif,741771,https://www.idref.fr/034709061
J.L Maeght,jean-luc-maeght,740384,https://www.idref.fr/19616852X
G.Le Roux,gael-le-roux,179031,https://www.idref.fr/188409106
Arturo Londono-Vallejo,jose-arturo-londono-vallejo,174423,https://www.idref.fr/142872334
Murielle Chavarot,murielle-chavarot-kerlidou,741446,https://www.idref.fr/223466115
S. Billet,sylvain-billet,791991,https://www.idref.fr/191868310
B. Bezard,bruno-bezard,738795,https://www.idref.fr/119468514
Izzet Guillaume,guillaume-izzet,739244,https://www.idref.fr/087731754
K. Lund,kristine-lund,9599,https://www.idref.fr/076552624
Joel Perret-Liaudet,joelperret-liaudet,18244,https://www.idref.fr/071537082
Eduard Antaluca,eduard-antaluca,171791,https://www.idref.fr/098996460
Y. Roquelaure,yves-roquelaure,181646,https://www.idref.fr/07671750X
D. Remond,didier-remond,341,https://www.idref.fr/032845146
D. Remond,dremond,738923,https://www.idref.fr/187228728
Frédéric Gressent,frederic-gressent,736433,https://www.idref.fr/181509245
G.G. Duchêne,gilbert-duchene,742772,https://www.idref.fr/084132604
Anna A Bencsik,anna-bencsik,14794,https://www.idref.fr/204604125
G. Sudre,guillaume-sudre,178663,https://www.idref.fr/155042572
N. Bernier,nicolas-bernier,15559,https://www.idref.fr/083004459
V. November,valerie-november,4021,https://www.idref.fr/07155789X
F. Lombard,fabien-lombard,8141,https://www.idref.fr/108028747
Natalia de Isla,natalia-de-isla,20493,https://www.idref.fr/077081161
Resif-Rlbp Group Dont Beucler E. Mocquet A.,eric-beucler,184452,https://www.idref.fr/08905122X
Jean-Noel Freund,freund-jn,1028142,https://www.idref.fr/031099904
Dominique Dd Dumas,dominique-dumas,836,https://www.idref.fr/159185599
J. Y. Jouzeau,jean-yves-jouzeau,17914,https://www.idref.fr/070287376
P.G.P. Martin,pgp-martin,744201,https://www.idref.fr/128874414
M. Ribera d'Alcala',maurizio-ribera-dalcala,750318,https://www.idref.fr/223455008
Hélène Guizouarn,helene-guizouarn,740193,https://www.idref.fr/175320306
Valérie Gouilleux,valerie-gouilleux,180502,https://www.idref.fr/082604681
F. Treussart,francois-treussart,183342,https://www.idref.fr/149748450
F. Carrière,frederic-carriere,185098,https://www.idref.fr/084604107
Melaz Tayakout,melaz-tayakout-fayolle,172627,https://www.idref.fr/085819964
Mohamed Abderrazak Latifi,abderrazak-latifi,736588,https://www.idref.fr/033939810
Fan Yilin,yilin-fan,739950,https://www.idref.fr/149320647
Dubs Florence,florence-dubs,20737,https://www.idref.fr/20366132X
Ghais El Zein,ghais-el-zein,2831,https://www.idref.fr/034249915
O. Merle,olivier-merle,21715,https://www.idref.fr/030470536
Catherine M.G.C. Renard,catherine-mgc-renard,736448,"https://www.idref.fr/190082887,https://www.idref.fr/09515941X"
G. Lenglet,gaelle-lenglet,748377,https://www.idref.fr/15127374X
Kostas Chalikakis,konstantinos-chalikakis,176262,https://www.idref.fr/115962425
Bruno Laburthe-Tolra,bruno-laburthe-tolra,741649,https://www.idref.fr/157111431
Hugo Falgarone,jean-loup-gregorio,21952,https://www.idref.fr/032807090
A.J. Tinet,anne-julie-tinet,181767,https://www.idref.fr/15548687X
Daniel Pinson,daniel-pinson,2899,https://www.idref.fr/029492912
J. P. Brison,jean-pascal-brison,171640,https://www.idref.fr/033562717
Romain Véxiau,romain-vexiau,739377,https://www.idref.fr/167053442
Séverine Gomes,severine-gomes,171288,https://www.idref.fr/115013636
Jeremie Soulestin,jeremie-soulestin,19070,https://www.idref.fr/103225498
Anne-Elisabeth Lebatard,anne-elisabeth-lebatard,12256,https://www.idref.fr/127024565
D. Eveillard,damien-eveillard,95,https://www.idref.fr/080211542
François Goulette,francois-goulette,6956,https://www.idref.fr/050846213
G. Gelle,guillaume-gelle,184053,https://www.idref.fr/147299853
L. Villier,loic-villier,738301,https://www.idref.fr/060748338
O. Saison,ophelie-saison-francioso,736645,https://www.idref.fr/185613675
M. Chetouani,mohamed-chetouani,179528,https://www.idref.fr/089021916
. La Nouvelle Lyre Éditeur,eliane-daphy,236,https://www.idref.fr/050679678
. J. Hiélard Éditeur,eliane-daphy,236,https://www.idref.fr/050679678
D. Gateuille,david-gateuille,737988,https://www.idref.fr/180477056
Charles F. Boudouresque,charles-boudouresque,173659,https://www.idref.fr/028828496
Y. Ricard,yanick-ricard,172129,https://www.idref.fr/031554962
Etienne Lemaire,etienne-lemaire,763812,https://www.idref.fr/172351103
Eduardo Perez-Richet,eduardo-perez,1114337,https://www.idref.fr/231620705
Michael John Mitchell,michael-mitchell,14622,https://www.idref.fr/070302480
Wiart Joe,joe-wiart,174210,https://www.idref.fr/057419884
A. Echard,arnaud-echard,742073,https://www.idref.fr/11943282X
T. Falguières,thomas-falguieres,750475,https://www.idref.fr/084128267
Tuan-Minh Pham,tuanminhpham,13115,https://www.idref.fr/160336708
P.- Y. Bard,pierre-yves-bard,12114,https://www.idref.fr/060327685
Alexandre Fargues,alexandre-fargues,1225974,https://www.idref.fr/268385181
Virgil Marinescu,petru-notingher,21254,https://www.idref.fr/059859393
Benedicte Sohm,benedicte-sohm,17280,https://www.idref.fr/080469051
Nassim Boudaoud,nassim-boudaoud,745712,https://www.idref.fr/125280262
Céline Peigné,celine-peigne,13362,https://www.idref.fr/148500285
N. Dauchez,nicolas-dauchez,747966,https://www.idref.fr/128201479
Buquet Benoît,benoit-buquet,8066,https://www.idref.fr/161860230
J. B. De. Vivie,jean-baptiste-de-vivie,741567,https://www.idref.fr/186392702
Cédric Sarré,cedric-sarre,183414,https://www.idref.fr/151151032
Caby Cecile,cecilecaby,2189,https://www.idref.fr/052490394
El-Maati Ouhabaz,el-maati-ouhabaz,677,https://www.idref.fr/083664998
J.B. De Vivie,jean-baptiste-de-vivie,741567,https://www.idref.fr/186392702
A. Colaitis,arnaud-colaitis,740105,https://www.idref.fr/189923601
Clelia Sirami,clelia-sirami,747087,https://www.idref.fr/126836248
Sylvie Neyertz,sylvie-neyertz,1103871,https://www.idref.fr/149631871
Leroy Nicolas,nicolas-leroy,16598,https://www.idref.fr/098826107
Didier Vye,didier-vye,6171,https://www.idref.fr/102268193
P. Usseglio Polatera,philippe-usseglio-polatera,743823,https://www.idref.fr/052629929
Françoise Pierrot,francoise-platet-pierrot,171681,https://www.idref.fr/14071362X
Géraldine Riviere,geraldine-riviere-giordano,171687,https://www.idref.fr/121101436
Exil Ge,gaston-emmanuel-exil,735522,https://www.idref.fr/253128544
E. Vergnault,etienne-vergnault,170103,https://www.idref.fr/157575268
A. Vuillemin,annevuillemin,12887,https://www.idref.fr/134161750
Cornee J.J.,jean-jacques-cornee,183306,https://www.idref.fr/080266827
C. Honthaas,christian-honthaas,11853,https://www.idref.fr/191491063
Jean-Luc Boudenne,jean-luc-boudenne,10885,https://www.idref.fr/145020215
L. Davenne,luc-davenne,9693,https://www.idref.fr/166435295
T.A. Mueller,thomasalexandremueller,739936,https://www.idref.fr/25311943X
M. Mouanga P. Berçot J. Y. Rauch,jean-yves-rauch,749964,https://www.idref.fr/103437355
Xavier Bertin,xavier-bertin,741851,https://www.idref.fr/106984942
Michaël Capron,michael-capron,2202,https://www.idref.fr/159672708
Alain Méry,alain-mery,169666,https://www.idref.fr/118694197
T Marchenko,tatiana-marchenko,178617,https://www.idref.fr/242168469
B Li,bli,184844,https://www.idref.fr/128160454
P.-E Pottie,paul-eric-pottie,755898,https://www.idref.fr/081575734
O'Donohue Mf,marie-francoise-odonohue,178339,https://www.idref.fr/156192519
C. Prévost,chantal-prevost,12193,https://www.idref.fr/033137250
V. Jomelli,vincent-jomelli,1894,https://www.idref.fr/164486429
Ph. Collet,philippe-collet,9238,https://www.idref.fr/124592066
Géraldine del Mondo,geraldine-del-mondo,174982,https://www.idref.fr/15844468X
E. Guenin,erwann-guenin,176696,https://www.idref.fr/18642356X
Sylvain Dubois,sylvain-dubois,1166219,https://www.idref.fr/07930009X
J.-D. Paris,jean-daniel-paris,178157,https://www.idref.fr/139280472
Jm Membre,jeanne-marie-membre,736751,https://www.idref.fr/167001388
J. Doré,joel-dore,1206301,https://www.idref.fr/069752249
L. Diop,lvbdiop,179818,https://www.idref.fr/185279171
Vincent A. Potiron,vincent-potiron,783031,https://www.idref.fr/121992195
T. Cornelius,thcornelius,18168,https://www.idref.fr/200023373
Erwann Guenin,erwann-guenin,176696,https://www.idref.fr/18642356X
M.A. Miville-Deschênes,marc-antoine-miville-deschenes,741816,https://www.idref.fr/078115361
J.F. Donati,jf-donati,739496,https://www.idref.fr/076662276
R. Charrier,rodolphe-charrier,7390,https://www.idref.fr/087611406
J.J. Loiseau,jean-jacques-loiseau,17403,https://www.idref.fr/031295703
J.-P. Rivet,jean-pierre-rivet,741079,https://www.idref.fr/11346438X
D. Marquer,didier-marquer,6920,https://www.idref.fr/029288568
Nadia El-Kissi,nadia-el-kissi,740963,https://www.idref.fr/096128860
Sorin Cristoloveanu,sorin-cristoloveanu,172108,https://www.idref.fr/030493188
Jean-Denis Troadec,jean-denis-troadec,17350,https://www.idref.fr/132141736
Kouakou Boniface Kokoh,kouakou-boniface-kokoh,741402,https://www.idref.fr/077807561
L. Duvieubourg,luc-duvieubourg,170415,https://www.idref.fr/132092395
Frédéric Laumonnier,frederic-laumonnier,13065,https://www.idref.fr/085738026
Christophe Pellegrino,christophe-pellegrino,1166819,https://www.idref.fr/140225676
Laurent Piccolo,laurent-piccolo,10556,https://www.idref.fr/069004986
Stergos D. Afantenos,stergos,742223,https://www.idref.fr/195298128
Raul L de Lacerda,rlacerda,2205,https://www.idref.fr/136913954
Marie-Pierre Chauzat,marie-pierre-chauzat,1009717,https://www.idref.fr/22577156X
Raul de Lacerda Neto,rlacerda,2205,https://www.idref.fr/136913954
Julie C. Gattacceca,julie-claire-gattacceca,16402,https://www.idref.fr/143819925
Franck Chatelain,franck-chatelain,749233,https://www.idref.fr/159631386
Katia Guérin,katia-araujo-da-silva,740332,https://www.idref.fr/169011879
F. José Cadete Santos Aires,francisco-cadete-santos-aires,10508,https://www.idref.fr/132882671
J.-P. Lévy,jean-pierre-levy,10931,https://www.idref.fr/050647288
Nazih Mechbal,nmechbal,1909,https://www.idref.fr/146721403
Lucas Leclere,lucas-leclere,744720,https://www.idref.fr/136388434
Emanuel Deval,e-deval,740994,https://www.idref.fr/174998236
Caroline Mellet,c-facqmellet,1264037,https://www.idref.fr/098562975
F. Cote,francine-cote,741554,https://www.idref.fr/155682059
Yohan Pillon,yohanpillon,758157,https://www.idref.fr/135488710
V. Pellerin,virginie-pellerin,12534,https://www.idref.fr/253120020
M. Weber,michael-weber,752076,https://www.idref.fr/078857430
J. Jimenez-Barbero,matthieu-sollogoub,740480,https://www.idref.fr/13191314X
L. Guentas,linda-guentas,736171,https://www.idref.fr/244171858
C. Chevillard,christophe-chevillard,15046,https://www.idref.fr/084369027
M.-Y. Perrin,marie-yvonne-perrin,21040,https://www.idref.fr/13903062X
A. Haefele,alexandre-haefele,177156,https://www.idref.fr/152076689
Christiane Denys,christiane-denys,738162,https://www.idref.fr/067306233
Matthieu Liedloff,mathieu-liedloff,2195,https://www.idref.fr/121018210
Noelle Gogneau,noelle-gogneau,180106,https://www.idref.fr/084148020
